"Status","Start Time","Stop Time","Duration in ms","Parent Suite","Suite","Sub Suite","Test Class","Test Method","Name","Description"
"passed","Mon Mar 20 15:23:58 IST 2023","Mon Mar 20 15:24:36 IST 2023","37913","","The Internet Guinea Pig Website: As a user, I can log into the secure area","","","","Given I am on the login page",""
"passed","Mon Mar 20 15:24:36 IST 2023","Mon Mar 20 15:24:37 IST 2023","1157","","The Internet Guinea Pig Website: As a user, I can log into the secure area","","","","When I login with tomsmith and SuperSecretPasswsord!",""
"passed","Mon Mar 20 15:36:03 IST 2023","Mon Mar 20 15:36:04 IST 2023","959","","The Internet Guinea Pig Website: As a user, I can log into the secure area","","","","When I login with foobar and barfoo",""
"failed","Mon Mar 20 15:24:37 IST 2023","Mon Mar 20 15:24:48 IST 2023","10551","","The Internet Guinea Pig Website: As a user, I can log into the secure area","","","","Then I should see a flash message saying You logged into a secure area!",""
"passed","Mon Mar 20 15:36:03 IST 2023","Mon Mar 20 15:36:03 IST 2023","317","","The Internet Guinea Pig Website: As a user, I can log into the secure area","","","","Given I am on the login page",""
"passed","Mon Mar 20 15:24:49 IST 2023","Mon Mar 20 15:24:50 IST 2023","93","","The Internet Guinea Pig Website: As a user, I can log into the secure area","","","","Then I should see a flash message saying Your username is invalid!",""
"passed","Mon Mar 20 15:36:03 IST 2023","Mon Mar 20 15:36:03 IST 2023","1","","The Internet Guinea Pig Website: As a user, I can log into the secure area","","","","",""
"passed","Mon Mar 20 15:24:48 IST 2023","Mon Mar 20 15:24:48 IST 2023","372","","The Internet Guinea Pig Website: As a user, I can log into the secure area","","","","Given I am on the login page",""
"passed","Mon Mar 20 15:23:58 IST 2023","Mon Mar 20 15:23:58 IST 2023","7","","The Internet Guinea Pig Website: As a user, I can log into the secure area","","","","",""
"passed","Mon Mar 20 15:36:04 IST 2023","Mon Mar 20 15:36:04 IST 2023","1","","The Internet Guinea Pig Website: As a user, I can log into the secure area","","","","",""
"passed","Mon Mar 20 15:24:48 IST 2023","Mon Mar 20 15:24:48 IST 2023","1","","The Internet Guinea Pig Website: As a user, I can log into the secure area","","","","",""
"passed","Mon Mar 20 15:36:03 IST 2023","Mon Mar 20 15:36:03 IST 2023","1","","The Internet Guinea Pig Website: As a user, I can log into the secure area","","","","",""
"passed","Mon Mar 20 15:36:04 IST 2023","Mon Mar 20 15:36:04 IST 2023","91","","The Internet Guinea Pig Website: As a user, I can log into the secure area","","","","Then I should see a flash message saying Your username is invalid!",""
"failed","Mon Mar 20 15:35:52 IST 2023","Mon Mar 20 15:36:03 IST 2023","10587","","The Internet Guinea Pig Website: As a user, I can log into the secure area","","","","Then I should see a flash message saying You logged into a secure area!",""
"passed","Mon Mar 20 15:35:47 IST 2023","Mon Mar 20 15:35:51 IST 2023","3476","","The Internet Guinea Pig Website: As a user, I can log into the secure area","","","","Given I am on the login page",""
"passed","Mon Mar 20 15:35:47 IST 2023","Mon Mar 20 15:35:47 IST 2023","5","","The Internet Guinea Pig Website: As a user, I can log into the secure area","","","","",""
"passed","Mon Mar 20 15:24:50 IST 2023","Mon Mar 20 15:24:50 IST 2023","2","","The Internet Guinea Pig Website: As a user, I can log into the secure area","","","","",""
"passed","Mon Mar 20 15:24:48 IST 2023","Mon Mar 20 15:24:49 IST 2023","1150","","The Internet Guinea Pig Website: As a user, I can log into the secure area","","","","When I login with foobar and barfoo",""
"passed","Mon Mar 20 15:35:51 IST 2023","Mon Mar 20 15:35:52 IST 2023","1302","","The Internet Guinea Pig Website: As a user, I can log into the secure area","","","","When I login with tomsmith and SuperSecretPasswsord!",""
"passed","Mon Mar 20 15:24:48 IST 2023","Mon Mar 20 15:24:48 IST 2023","2","","The Internet Guinea Pig Website: As a user, I can log into the secure area","","","","",""
